18-04-2019,65,66,60.320999,62,25764700,ZOOM
22-04-2019,61,68.900002,59.939999,65.699997,9949700,ZOOM
23-04-2019,66.870003,74.168999,65.550003,69,6786500,ZOOM
24-04-2019,71.400002,71.5,63.16,63.200001,4973500,ZOOM
25-04-2019,64.739998,66.849998,62.599998,65,3863300,ZOOM
26-04-2019,66.120003,66.989998,63.599998,66.220001,1527400,ZOOM
29-04-2019,66.529999,68.5,64.75,68.169998,1822300,ZOOM
30-04-2019,68.400002,72.519997,66.669998,72.470001,4113100,ZOOM
01-05-2019,72.720001,76.949997,70.816002,72.760002,3301900,ZOOM
02-05-2019,72.75,75.889999,69.691002,75.5,2525300,ZOOM
03-05-2019,75,80.25,75,79.18,2590300,ZOOM
06-05-2019,75.010002,80.790001,74.5,78.239998,2051800,ZOOM
07-05-2019,77.849998,78.050003,73.25,73.330002,1975200,ZOOM
08-05-2019,74.610001,78.5,74.029999,77.68,2265500,ZOOM
09-05-2019,76.849998,76.989998,74,75.209999,1348200,ZOOM
10-05-2019,75.790001,79.739998,74.769997,79.629997,1555100,ZOOM
13-05-2019,77.389999,77.389999,70.599998,72.540001,2873200,ZOOM
14-05-2019,74.120003,76.885002,73.110001,73.139999,1950400,ZOOM
15-05-2019,73.400002,80,72.209999,79.760002,2426500,ZOOM
16-05-2019,80.120003,87.550003,79.25,83.400002,4580700,ZOOM
17-05-2019,82.25,90.279999,81.879997,89.980003,3442500,ZOOM
20-05-2019,90.099998,91.459999,83.269997,84.669998,3666800,ZOOM
21-05-2019,86.629997,89.699997,84.5,85.440002,2576000,ZOOM
22-05-2019,84.629997,85.699997,82,82.43,1596400,ZOOM
23-05-2019,81.25,81.5,77.260002,78.760002,2856000,ZOOM
24-05-2019,80.480003,81.25,74.199997,76.25,2946800,ZOOM
28-05-2019,76.800003,79.389999,76.800003,77.769997,1641300,ZOOM
29-05-2019,77,77.93,73.583,75.769997,1512100,ZOOM
30-05-2019,76.68,80.970001,76.599998,80.419998,1996000,ZOOM
31-05-2019,78.769997,83.169998,77.779999,79.730003,1594300,ZOOM
03-06-2019,80,81.940002,75.650002,75.900002,1570500,ZOOM
04-06-2019,78.199997,78.879997,76.620003,78.739998,1134900,ZOOM
05-06-2019,80.139999,80.599998,76.239998,78.040001,1295800,ZOOM
06-06-2019,77.400002,79.75,77.029999,79.43,3024000,ZOOM
07-06-2019,93.660004,98.889999,92.5,94.050003,9487800,ZOOM
10-06-2019,98.510002,105.985001,96,102,4852800,ZOOM
11-06-2019,101,101.199997,91.57,94.870003,4372400,ZOOM
12-06-2019,94.599998,104.184998,94,102.769997,3156900,ZOOM
13-06-2019,105.099998,105.171997,98.550003,100.949997,3189100,ZOOM
14-06-2019,100.470001,104.57,99.25,100.290001,1889300,ZOOM
17-06-2019,101,102.446999,97,98.110001,2128500,ZOOM
18-06-2019,100.389999,102,97.510002,99.639999,2272400,ZOOM
19-06-2019,100.489998,104.445,98.629997,102.389999,2592700,ZOOM
20-06-2019,105.010002,107.339996,101.621002,102.300003,2460700,ZOOM
21-06-2019,101.419998,101.531998,97.82,100.470001,2972500,ZOOM
24-06-2019,100.849998,101.5,88.879997,89.410004,6011200,ZOOM
25-06-2019,89.43,91.5,84.629997,85.029999,3744500,ZOOM
26-06-2019,87.919998,89.080002,84.605003,86.330002,2680000,ZOOM
27-06-2019,89.699997,92.330002,87.800003,90.269997,3019500,ZOOM
28-06-2019,91.760002,92.199997,87.25,88.790001,3228300,ZOOM
01-07-2019,85.129997,87.790001,83.099998,86.860001,5306600,ZOOM
02-07-2019,86.269997,86.849998,84,85.129997,1866000,ZOOM
03-07-2019,85.449997,90.599998,84.510002,90.449997,2706100,ZOOM
05-07-2019,90.139999,91.970001,88,91.879997,2582700,ZOOM
08-07-2019,91.440002,92.790001,89.889999,90.760002,1793300,ZOOM
09-07-2019,90.269997,91.269997,89.099998,90.93,1557400,ZOOM
10-07-2019,91.760002,93.449997,91.550003,92.720001,2059300,ZOOM
11-07-2019,92.900002,93.199997,90.452003,91.400002,1784600,ZOOM
12-07-2019,93.010002,94.93,91.370003,93.300003,2689700,ZOOM
15-07-2019,94,100.650002,93.779999,99.800003,3835600,ZOOM
16-07-2019,100.139999,100.5,96.5,97.099998,2120100,ZOOM
17-07-2019,97.620003,101.987,97.540001,99.730003,2314100,ZOOM
18-07-2019,99.239998,99.5,95.015999,95.190002,1948800,ZOOM
19-07-2019,97.150002,97.790001,92.879997,93.379997,1747700,ZOOM
22-07-2019,94.190002,97.464996,93.504997,96.669998,1483000,ZOOM
23-07-2019,97.5,98.150002,93.519997,97.389999,2241700,ZOOM
24-07-2019,97.120003,97.879997,94.684998,95.940002,1283700,ZOOM
25-07-2019,95.839996,99.599998,95.75,97.110001,1870300,ZOOM
26-07-2019,97.949997,104.489998,97.830002,102.199997,3040700,ZOOM
29-07-2019,102.599998,102.998001,92.099998,96.470001,4230300,ZOOM
30-07-2019,95.190002,99.349998,94.029999,95.489998,1635500,ZOOM
31-07-2019,96.43,97.5,93.5,95.510002,1514700,ZOOM
01-08-2019,95.75,98.660004,93.800003,95.099998,1530400,ZOOM
02-08-2019,94.919998,96,92.566002,93.660004,1117100,ZOOM
05-08-2019,90.699997,91.190002,87.290001,89.690002,1774400,ZOOM
06-08-2019,91.5,92.290001,88.099998,90.43,1028700,ZOOM
07-08-2019,89.019997,93.160004,88.019997,92.449997,996100,ZOOM
08-08-2019,93.57,95.839996,93.019997,95.769997,925600,ZOOM
09-08-2019,94.790001,95.489998,93.309998,94.199997,800500,ZOOM
12-08-2019,93.050003,94.18,91.110001,92.160004,779300,ZOOM
13-08-2019,92.059998,96.223,92.059998,95.449997,1167200,ZOOM
14-08-2019,93.199997,94.522003,89.889999,92.650002,1265700,ZOOM
15-08-2019,92.769997,93.440002,89.690002,90.639999,1079800,ZOOM
16-08-2019,92.120003,95,92.080002,92.529999,1259300,ZOOM
19-08-2019,94.18,96.199997,92.889999,93.169998,1226000,ZOOM
20-08-2019,93,93.57,91.139999,91.410004,746100,ZOOM
21-08-2019,92.860001,94.181,92.353996,93.010002,760000,ZOOM
22-08-2019,93.480003,95.5,91.57,93.879997,883000,ZOOM
23-08-2019,93.139999,94.129997,90.410004,91.629997,1368400,ZOOM
26-08-2019,92.330002,93.5,91.449997,91.760002,697400,ZOOM
27-08-2019,92.599998,93.690002,90.440002,91.730003,825800,ZOOM
28-08-2019,91.160004,91.379997,88.710999,90.160004,1148300,ZOOM
29-08-2019,91.5,92.68,90.699997,90.870003,851800,ZOOM
30-08-2019,91.82,92.419998,89.019997,91.669998,1186100,ZOOM
03-09-2019,91.5,94.239998,90.75,92.459999,1538900,ZOOM
04-09-2019,93.949997,96,93.18,93.529999,2400700,ZOOM
05-09-2019,94.239998,94.379997,88.510002,92.690002,4991800,ZOOM
06-09-2019,92,96.5,84.860001,85.410004,7289700,ZOOM
09-09-2019,85.75,85.940002,77.199997,78.650002,6713800,ZOOM
10-09-2019,77,81.221001,76.809998,80.349998,2813200,ZOOM
11-09-2019,80,81.860001,78.5,80.709999,2013600,ZOOM
12-09-2019,81.449997,82.650002,79.900002,81.529999,1955100,ZOOM
13-09-2019,81.57,82.475998,78.269997,78.849998,1416800,ZOOM
16-09-2019,78.5,80.989998,78.260002,80.669998,1630100,ZOOM
17-09-2019,81.489998,84.82,79.529999,84.639999,2539900,ZOOM
18-09-2019,84.400002,86,83.5,84.550003,1835400,ZOOM
19-09-2019,85.199997,85.349998,83.25,84.620003,1266600,ZOOM
20-09-2019,85,85.349998,81.5,82.629997,2050100,ZOOM
23-09-2019,82.290001,83.599998,81.800003,82.620003,677000,ZOOM
24-09-2019,82.43,82.93,79.459999,80.019997,2145400,ZOOM
25-09-2019,79.120003,79.989998,76.080002,79.599998,1924100,ZOOM
26-09-2019,79.25,80.620003,78.614998,79.75,920000,ZOOM
27-09-2019,79.690002,79.824997,75.089996,76.040001,2347400,ZOOM
30-09-2019,76.129997,77,74.290001,76.199997,1356500,ZOOM
01-10-2019,76.43,77.489998,75.209999,75.809998,1378100,ZOOM
02-10-2019,74.5,75.779999,73.660004,73.849998,1388700,ZOOM
03-10-2019,73.900002,78.489998,73.389999,76.830002,2605800,ZOOM
04-10-2019,77,77.782997,75.279999,76.529999,1799500,ZOOM
07-10-2019,76.989998,77.43,75,76.989998,1432200,ZOOM
08-10-2019,76.010002,76.353996,72.580002,73.589996,3156600,ZOOM
09-10-2019,74.220001,75.059998,72.75,72.860001,1490100,ZOOM
10-10-2019,72.860001,73.779999,71.010002,71.010002,2282200,ZOOM
11-10-2019,71.370003,72.889999,70.902,71.349998,2391800,ZOOM
14-10-2019,70.459999,71.239998,69.550003,70.800003,2218100,ZOOM
15-10-2019,68.760002,71.269997,68.379997,71.110001,10576600,ZOOM
16-10-2019,69.699997,69.949997,66.510002,67.690002,6061400,ZOOM
17-10-2019,67.089996,68,66.760002,67.029999,3496800,ZOOM
18-10-2019,66.260002,66.93,64.529999,66.080002,4819400,ZOOM
21-10-2019,65.290001,66.5,64.157997,65.769997,3076500,ZOOM
22-10-2019,64.199997,64.599998,61.02,62,4584700,ZOOM
23-10-2019,61.330002,63.740002,60.967999,62.060001,3589200,ZOOM
24-10-2019,63,65.940002,62.759998,64.519997,3433300,ZOOM
25-10-2019,64.330002,64.989998,62.790001,63.450001,1921900,ZOOM
28-10-2019,63.959999,67.470001,62.259998,66.559998,3509300,ZOOM
29-10-2019,65.769997,67.110001,64.800003,65.489998,1825300,ZOOM
30-10-2019,65.970001,70.089996,65.660004,70,4670300,ZOOM
31-10-2019,69.519997,70.080002,66.599998,69.889999,3405300,ZOOM
01-11-2019,69.860001,70.550003,68.019997,70.389999,3561800,ZOOM
04-11-2019,70.809998,70.849998,69.010002,70.120003,1563100,ZOOM
05-11-2019,70.709999,70.849998,66.68,66.889999,1805900,ZOOM
06-11-2019,66.949997,67.129997,65.360001,66.830002,1327400,ZOOM
07-11-2019,67.029999,68.68,66.209999,66.809998,1128200,ZOOM
08-11-2019,66.540001,70,66.519997,69.849998,1472400,ZOOM
11-11-2019,69.510002,70.190002,67.760002,68.389999,1037500,ZOOM
12-11-2019,68.5,70.050003,67.559998,68,1911000,ZOOM
13-11-2019,68,68.508003,66.870003,68.010002,1987000,ZOOM
14-11-2019,67.769997,68.150002,66.709999,67.739998,932500,ZOOM
15-11-2019,68.129997,71.099998,67.910004,70.010002,2311800,ZOOM
18-11-2019,70.470001,71.139999,68.779999,70.080002,1676000,ZOOM
19-11-2019,70.190002,70.332001,68.190002,69.639999,1704700,ZOOM
20-11-2019,69.25,71.709999,68.550003,70.989998,2780700,ZOOM
21-11-2019,71.5,71.949997,69.580002,69.919998,1127000,ZOOM
22-11-2019,72,74,71.150002,73.160004,3051900,ZOOM
25-11-2019,73.800003,75.059998,72.860001,74.550003,1936400,ZOOM
26-11-2019,75,75.769997,74.760002,75.160004,1836500,ZOOM
27-11-2019,75.809998,75.839996,73.360001,74.080002,1355900,ZOOM
29-11-2019,74.099998,74.940002,73.860001,74.5,512600,ZOOM
02-12-2019,74.059998,74.5,68.459999,68.93,3138600,ZOOM
03-12-2019,66.720001,70.529999,66.050003,70.019997,2444200,ZOOM
04-12-2019,70.5,70.900002,69.150002,69.959999,2076500,ZOOM
05-12-2019,70.029999,70.75,69.220001,69.669998,3672600,ZOOM
06-12-2019,64.260002,65.080002,62.110001,62.740002,11253600,ZOOM
09-12-2019,62.389999,67.269997,62.330002,65.940002,5234100,ZOOM
10-12-2019,65.489998,65.830002,63.389999,64.57,3895700,ZOOM
11-12-2019,64.239998,64.449997,62.049999,63.52,3685600,ZOOM
12-12-2019,63.490002,64.230003,62.119999,62.490002,3317300,ZOOM
13-12-2019,62.5,63.75,62.02,63.540001,2489400,ZOOM
16-12-2019,63.59,66.389999,63.560001,66.349998,3282800,ZOOM
17-12-2019,66.620003,66.620003,65.400002,66.169998,2301000,ZOOM
18-12-2019,66.220001,68.139999,66.040001,67.599998,2237000,ZOOM
19-12-2019,67.75,68.459999,67.099998,68.18,1610500,ZOOM
20-12-2019,68.199997,68.480003,66.415001,66.93,2201400,ZOOM
23-12-2019,67.019997,67.5,65.93,66.150002,1663500,ZOOM
24-12-2019,66.300003,66.885002,65.739998,66.459999,562600,ZOOM
26-12-2019,66.5,68.190002,66.300003,67.449997,1387600,ZOOM
27-12-2019,67.510002,67.959999,66.510002,66.639999,955400,ZOOM
30-12-2019,66.559998,67.18,65.519997,66.790001,1162700,ZOOM
31-12-2019,66.379997,68.18,66.309998,68.040001,1351400,ZOOM
02-01-2020,68.800003,69.235001,68.019997,68.720001,1315500,ZOOM
03-01-2020,67.620003,68.68,67.099998,67.279999,1127900,ZOOM
06-01-2020,66.629997,70.495003,65.811996,70.32,3151600,ZOOM
07-01-2020,70.290001,72.838997,69.370003,71.900002,6985400,ZOOM
08-01-2020,71.809998,73.290001,71.029999,72.550003,2482300,ZOOM
09-01-2020,73.989998,74,71.349998,72.620003,2772000,ZOOM
10-01-2020,73.080002,73.800003,72.25,73.089996,1655100,ZOOM
13-01-2020,73.889999,75.580002,73.800003,74.029999,3347100,ZOOM
14-01-2020,74.32,75.114998,72.260002,73.160004,1909500,ZOOM
15-01-2020,73.279999,77.779999,73.199997,76.940002,3963500,ZOOM
16-01-2020,78,78.790001,75.110001,76.110001,2998300,ZOOM
17-01-2020,76.660004,76.900002,75.489998,75.559998,1357400,ZOOM
21-01-2020,75.559998,77.120003,74.32,76.730003,1606700,ZOOM
22-01-2020,77.07,77.106003,75.459999,75.540001,1501600,ZOOM
23-01-2020,75.669998,75.970001,74.209999,74.470001,1279000,ZOOM
24-01-2020,74.970001,76.184998,72.375,73,1660200,ZOOM
27-01-2020,71.330002,72.132004,70.32,70.440002,1750700,ZOOM
28-01-2020,71,72.480003,70.260002,71.510002,1598200,ZOOM
29-01-2020,72.510002,74.139999,71.212997,73.580002,1373400,ZOOM
30-01-2020,73.099998,74.800003,72.550003,74.540001,1425400,ZOOM
31-01-2020,74.269997,76.669998,73.300003,76.300003,2521700,ZOOM
03-02-2020,77.690002,88.940002,77.510002,87.660004,12941300,ZOOM
04-02-2020,91.040001,93.300003,83.5,85.790001,10611000,ZOOM
05-02-2020,85.769997,90.970001,83.754997,86.989998,5126800,ZOOM
06-02-2020,87,89.440002,85.260002,87.260002,2410800,ZOOM
07-02-2020,87.230003,90.599998,86.809998,88.639999,2636600,ZOOM
10-02-2020,89.089996,89.980003,86.910004,89.669998,2071600,ZOOM
11-02-2020,90,90.5,87.93,88.68,2731900,ZOOM
12-02-2020,88.660004,89.5,86.519997,88.279999,1671100,ZOOM
13-02-2020,87.610001,91.93,87,89.860001,3406400,ZOOM
14-02-2020,90.879997,91.709999,89.809998,90.949997,2295000,ZOOM
18-02-2020,93.019997,98.139999,92.400002,96.389999,5608200,ZOOM
19-02-2020,100.32,105.080002,99.75,103.93,7793800,ZOOM
20-02-2020,104,110.75,101.43,105.290001,11293200,ZOOM
21-02-2020,104.029999,104.290001,98.089996,101.760002,5519200,ZOOM
24-02-2020,97.800003,110,97.019997,105.010002,12172800,ZOOM
25-02-2020,108.519997,111.800003,104.466003,107.080002,13425900,ZOOM
26-02-2020,109.943001,111.300003,105.599998,106.879997,6867500,ZOOM
27-02-2020,109.43,118,107.599998,113.550003,13511800,ZOOM
28-02-2020,121.07,121.93,97.370003,105,21617100,ZOOM
02-03-2020,109.349998,114.5,102.5,113.110001,10157400,ZOOM
03-03-2020,114.550003,119.199997,112.110001,117.470001,11033700,ZOOM
04-03-2020,118.510002,119.970001,113.110001,116.800003,12102600,ZOOM
05-03-2020,110.25,129.830002,110,125,28149400,ZOOM
06-03-2020,119.650002,122,107,114.32,22975700,ZOOM
09-03-2020,105,116.5,100.879997,113.75,14571300,ZOOM
10-03-2020,113.800003,113.800003,105,108.489998,10244000,ZOOM
11-03-2020,108.410004,113.989998,107,110.300003,12576700,ZOOM
12-03-2020,106.25,113.871002,104.389999,109.470001,12097900,ZOOM
13-03-2020,113,113.800003,104.160004,107.470001,9233500,ZOOM
16-03-2020,105,119.870003,103.199997,107.860001,17210700,ZOOM
17-03-2020,107.330002,113.830002,102,111.099998,18721500,ZOOM
18-03-2020,111,119,108.849998,118.709999,13594300,ZOOM
19-03-2020,122.949997,132.229996,119.099998,123.769997,16248400,ZOOM
20-03-2020,129,135.979996,124,130.550003,13872600,ZOOM
23-03-2020,141.996994,164.940002,137.25,159.559998,27681500,ZOOM
24-03-2020,154,155,133.880005,135.179993,22401300,ZOOM
25-03-2020,140.104996,149,136.199997,138.110001,14743000,ZOOM
26-03-2020,140.509995,146.649994,138.199997,141.149994,9252700,ZOOM
27-03-2020,145.699997,154.970001,145.600006,151.699997,13271900,ZOOM
30-03-2020,160.759995,161.690002,147.199997,150.880005,15762200,ZOOM
31-03-2020,147.020004,149.789993,143.356995,146.119995,10023700,ZOOM
01-04-2020,144.5,144.600006,135.179993,137,11453300,ZOOM
02-04-2020,125.300003,133.488998,114.5,121.93,27313800,ZOOM
03-04-2020,124.300003,128.479996,120.110001,128.199997,12238100,ZOOM
06-04-2020,113.629997,125.175003,108.529999,122.940002,25378900,ZOOM
07-04-2020,118.004997,118.440002,109.570999,113.75,20166200,ZOOM
08-04-2020,115.019997,125.877998,112.5,117.809998,26243300,ZOOM
09-04-2020,117.800003,125.5,114,124.510002,15513000,ZOOM
13-04-2020,127,136.860001,125.603996,135.919998,15411700,ZOOM
14-04-2020,141.070007,145.199997,139.009995,141.889999,11679900,ZOOM
15-04-2020,141.710007,152.570007,140,151.559998,14193300,ZOOM
16-04-2020,149.919998,154.25,146.800003,150.259995,15138200,ZOOM
17-04-2020,147.910004,153.789001,144.029999,150.059998,11328400,ZOOM
20-04-2020,153.300003,155,148.253998,148.990005,11218700,ZOOM
21-04-2020,151.419998,154.75,138.360001,143.270004,9709100,ZOOM
22-04-2020,147.100006,152.279999,145.100006,150.25,6520700,ZOOM
23-04-2020,154.009995,169.75,153.490005,169.089996,22159800,ZOOM
24-04-2020,177.149994,181.5,158.300003,158.800003,43814100,ZOOM
27-04-2020,156.589996,167.850006,155,164.600006,19783700,ZOOM
28-04-2020,165,166,155.25,156.720001,13477800,ZOOM
29-04-2020,147.979996,151,143.380005,146.479996,22033300,ZOOM
30-04-2020,139.990005,143.800003,133.679993,135.169998,16682300,ZOOM
01-05-2020,136,141.630005,132.669998,138.559998,13807000,ZOOM
04-05-2020,140.770004,144.979996,140.449997,143.440002,9184700,ZOOM
05-05-2020,144.429993,148.440002,140.860001,144.820007,7376300,ZOOM
06-05-2020,145.470001,150.740005,144.089996,149.589996,6031100,ZOOM
07-05-2020,154.839996,162,154.039993,157.800003,8388900,ZOOM
08-05-2020,160,161.160004,152.705002,155.399994,7071800,ZOOM
11-05-2020,159.429993,168,158,166.479996,10142700,ZOOM
12-05-2020,168,168.229996,160.050003,161.039993,7102600,ZOOM
13-05-2020,163.610001,171.5,159.169998,167.139999,11081300,ZOOM
14-05-2020,168.259995,170.800003,162.889999,167.910004,6730500,ZOOM
15-05-2020,166.75,175.440002,166.559998,174.830002,8540500,ZOOM
18-05-2020,170.029999,173.440002,162.641998,164.690002,9608300,ZOOM
19-05-2020,167,173.860001,166.210007,173.679993,8485500,ZOOM
20-05-2020,173.529999,175.639999,170.529999,175.479996,6910000,ZOOM
21-05-2020,175.960007,177.800003,168.360001,172.029999,5525300,ZOOM
22-05-2020,171.860001,175.889999,170.199997,171.059998,4302200,ZOOM
26-05-2020,169.100006,169.690002,163.119995,164,6689700,ZOOM
27-05-2020,158.009995,162.220001,149.160004,161.970001,10076700,ZOOM
28-05-2020,159.229996,169.399994,159.199997,163.550003,6386800,ZOOM
29-05-2020,168,179.990005,167.860001,179.479996,15219600,ZOOM
01-06-2020,183.179993,205.869995,183,204.149994,24394400,ZOOM
02-06-2020,210.25,212.690002,197.320007,208.080002,36853400,ZOOM
03-06-2020,211.699997,224.460007,202.320007,223.869995,32390100,ZOOM
04-06-2020,221,223,207.600006,210.350006,20212600,ZOOM
05-06-2020,200.110001,208.940002,196.100006,207.600006,16298700,ZOOM
08-06-2020,204.350006,211.440002,198.660004,209.830002,10457500,ZOOM
09-06-2020,209.830002,210.589996,202.929993,205.429993,7521800,ZOOM
10-06-2020,208.889999,221.529999,208.259995,221.020004,12241100,ZOOM
11-06-2020,219.179993,232,218.5,222.070007,17615800,ZOOM
12-06-2020,224.789993,231.449997,216.75,219.520004,8780400,ZOOM
15-06-2020,227.839996,239.589996,226.380005,239.020004,13959100,ZOOM
16-06-2020,235.990005,243.5,231.820999,242.559998,11333300,ZOOM
17-06-2020,243.179993,243.880005,235.119995,236.759995,11704300,ZOOM
18-06-2020,240.389999,242.610001,238.220001,241.570007,9340900,ZOOM
19-06-2020,241.639999,243.570007,238.703995,243.479996,10077500,ZOOM
22-06-2020,247.464996,254.899994,247.289993,251.270004,11093700,ZOOM
23-06-2020,251.259995,254.774994,247.570007,252.809998,8791500,ZOOM
24-06-2020,254.5,258.75,248.600006,255.899994,9862800,ZOOM
25-06-2020,258.230011,260.290009,252.660004,259.51001,7490500,ZOOM
26-06-2020,260.519989,261.619995,250.360001,256.799988,17142900,ZOOM
29-06-2020,254.970001,255.899994,243.589996,248.559998,8436400,ZOOM
30-06-2020,249.869995,256.829987,248.350006,253.539993,6305500,ZOOM
01-07-2020,251.350006,261,247.210007,259.130005,6803300,ZOOM
02-07-2020,261,263.799988,258,261.73999,5629000,ZOOM
06-07-2020,265,275.079987,259.320007,261,12250200,ZOOM
07-07-2020,261.549988,266.450012,258.100006,262.100006,7819700,ZOOM
08-07-2020,263.799988,268.528015,261.290009,266.320007,6012900,ZOOM
09-07-2020,269.01001,272.700012,264.220001,269.519989,5396000,ZOOM
10-07-2020,271.769989,278.160004,268.640015,275.869995,6354800,ZOOM
13-07-2020,278.630005,281,256.338013,260.299988,9293000,ZOOM
14-07-2020,260.959991,265.329987,240.449997,260.01001,8713100,ZOOM
15-07-2020,253.699997,257.5,248.119995,256.220001,6073600,ZOOM
16-07-2020,250.389999,253,243.429993,248.539993,5420100,ZOOM
17-07-2020,247.169998,250.936996,241.289993,246.539993,4626600,ZOOM
20-07-2020,246.487,271.350006,245.990005,268.579987,9784900,ZOOM
21-07-2020,268.75,269.75,258.200012,260.440002,4756600,ZOOM
22-07-2020,261.950012,265.399994,255.809998,261.179993,4581600,ZOOM
23-07-2020,260.839996,264.899994,249.210007,251.5,4589400,ZOOM
24-07-2020,246.199997,250.210007,237.199997,246.559998,4303200,ZOOM
27-07-2020,249.279999,252.970001,246.220001,252.330002,3328600,ZOOM
28-07-2020,252.699997,258.910004,251.320007,252.179993,3366200,ZOOM
29-07-2020,255.550003,259.929993,251.149994,252.389999,3333700,ZOOM
30-07-2020,250.313995,256.325989,239.320007,250,7926100,ZOOM
31-07-2020,253.5,255.199997,248.360001,253.910004,3378800,ZOOM
03-08-2020,256.829987,271.100006,256.109985,268,6779300,ZOOM
04-08-2020,268,269.190002,262,267.339996,3087300,ZOOM
05-08-2020,266.290009,275.093994,262.519989,272.899994,4514900,ZOOM
06-08-2020,273.869995,274.480011,263.910004,268.25,3602900,ZOOM
07-08-2020,266.450012,268,252.789993,258.730011,5024700,ZOOM
10-08-2020,259.140015,261.440002,244.539993,250,5714000,ZOOM
11-08-2020,245.479996,245.479996,230,231.039993,9730500,ZOOM
12-08-2020,232.300003,239.399994,230.75,236.720001,3924600,ZOOM
13-08-2020,238.149994,250.100006,238.149994,247.25,4749700,ZOOM
14-08-2020,249.440002,252.429993,242.399994,244.910004,3662800,ZOOM
17-08-2020,248.699997,267.940002,248.509995,266.149994,8959200,ZOOM
18-08-2020,271.720001,277.779999,265.5,276.799988,6517000,ZOOM
19-08-2020,274.684998,279.589996,270.321991,273.51001,4674000,ZOOM
20-08-2020,274.450012,290.880005,273.98999,290.690002,9318400,ZOOM
21-08-2020,291,295.970001,286.944,289.679993,5250100,ZOOM
24-08-2020,293,293.869995,274.105988,282.279999,6463500,ZOOM
25-08-2020,279,293.721985,275.809998,290.440002,4602900,ZOOM
26-08-2020,293,302,290.850006,295.269989,5692100,ZOOM
27-08-2020,295.690002,301.519989,290.329987,294.679993,5560600,ZOOM
28-08-2020,299.220001,303.579987,297.26001,299.269989,5342300,ZOOM
31-08-2020,304.01001,325.899994,301.269989,325.100006,23468100,ZOOM
01-09-2020,439.51001,478,410.679993,457.690002,53226200,ZOOM
02-09-2020,445.670013,445.670013,410,423.559998,18866800,ZOOM
03-09-2020,399.549988,409.899994,367,381.320007,20304300,ZOOM
04-09-2020,375.5,386.01001,346.76001,369.890015,13230100,ZOOM
08-09-2020,350.700012,365.5,345.679993,350.880005,7966500,ZOOM
09-09-2020,369.75,394.799011,362.122986,389.649994,17325800,ZOOM
10-09-2020,400,407.820007,378.359985,384.480011,11932100,ZOOM
11-09-2020,389.130005,400.75,373.049988,383,9297600,ZOOM
14-09-2020,391.744995,404.359985,386.130005,403.51001,7963100,ZOOM
15-09-2020,410,413.5,391.049988,410.940002,8495600,ZOOM
16-09-2020,406.273987,419.420013,404.220001,408.170013,6739800,ZOOM
17-09-2020,389,417.820007,387,413.125,9260400,ZOOM
18-09-2020,419.799988,442,407.5,438.730011,22315700,ZOOM
21-09-2020,434,470,434,468.470001,16843800,ZOOM
22-09-2020,477,494.899994,458.75,492.600006,16440600,ZOOM
23-09-2020,489.48999,529.73999,483.252991,500.529999,27051300,ZOOM
24-09-2020,487.01001,502.25,457.690002,464.980011,17896600,ZOOM
25-09-2020,474.869995,500,474.869995,496.5,12906800,ZOOM
28-09-2020,502.410004,519.77002,479.570007,487.660004,17621300,ZOOM
29-09-2020,488.130005,489.799988,463,465.5,15211300,ZOOM
30-09-2020,464.209991,481.554993,462,470.109985,8971100,ZOOM
01-10-2020,477,483.730011,465,482.98999,7859300,ZOOM
02-10-2020,485.005005,507.48999,481,482.230011,12791700,ZOOM
05-10-2020,493.970001,496.899994,475.26001,485.369995,7534700,ZOOM
06-10-2020,480.51001,487.899994,473.222992,478.25,6097700,ZOOM
07-10-2020,482.5,487.5,477.109985,480.609985,4449500,ZOOM
08-10-2020,484,489.48999,475.579987,478.549988,4193100,ZOOM
09-10-2020,487.98999,498.899994,484.079987,492.410004,8719700,ZOOM
12-10-2020,501.429993,506.109985,490.477997,491.540009,6979500,ZOOM
13-10-2020,494,520,493,518.789978,8941500,ZOOM
14-10-2020,518.780029,519.799988,498.600006,509.25,8308900,ZOOM
15-10-2020,509.079987,540.049988,506.5,536.400024,16520600,ZOOM
16-10-2020,544,565.450012,543.25,559,13745800,ZOOM
19-10-2020,572.5,588.840027,562.549988,568.340027,15193200,ZOOM
20-10-2020,572.330017,575.690002,534.590027,537.02002,12098200,ZOOM
21-10-2020,535.880005,551.659973,511.779999,513.190002,9215400,ZOOM
22-10-2020,521.780029,530.429993,503.470001,520.539978,8100900,ZOOM
23-10-2020,522.330017,527,505.410004,511.519989,5377100,ZOOM
26-10-2020,520.489014,541.10498,510.309998,517.789978,10080800,ZOOM
27-10-2020,525.219971,540,513.299988,538.98999,7227600,ZOOM
28-10-2020,549.5,553.859009,511.5,516.01001,8810100,ZOOM
29-10-2020,521.190002,525.455017,483.5,489.679993,9207600,ZOOM
30-10-2020,481.5,495.950012,457.019989,460.910004,8697800,ZOOM
02-11-2020,462.290009,477,440,453,8051900,ZOOM
03-11-2020,456.328003,461.880005,445.01001,451.51001,6497000,ZOOM
04-11-2020,471.920013,484.940002,455.399994,483.700012,8048500,ZOOM
05-11-2020,497.98999,499.350006,480.760986,496.730011,6379900,ZOOM
06-11-2020,494.660004,505.880005,482.730011,500.109985,4266000,ZOOM
09-11-2020,433,446.470001,402,413.23999,18033500,ZOOM
10-11-2020,412.503998,414.450012,366.279999,376.01001,20751900,ZOOM
11-11-2020,391.649994,419.799988,385,413.339996,16691100,ZOOM
12-11-2020,427.850006,435.75,419.609985,428.640015,14910000,ZOOM
13-11-2020,425.98999,428.468994,396.869995,403.579987,11732200,ZOOM
16-11-2020,382.600006,400.799988,375.100006,399.149994,12054400,ZOOM
17-11-2020,406.290009,411.5,396.320007,401.630005,6972100,ZOOM
18-11-2020,399,423.5,390.220001,415.040009,10974200,ZOOM
19-11-2020,408.98999,427.890015,407.5,414.290009,8007000,ZOOM
20-11-2020,418.549988,445.299988,415.559998,439.600006,12586600,ZOOM
23-11-2020,432.01001,436.513,417.880005,430.279999,8486000,ZOOM
24-11-2020,421.505005,438.832001,420.01001,427.549988,6148400,ZOOM
25-11-2020,435.850006,448.480011,433.329987,443.720001,8763700,ZOOM
27-11-2020,453.98999,472.040009,449,471.609985,7276400,ZOOM
30-11-2020,485.700012,486.829987,460,478.359985,16646500,ZOOM
01-12-2020,434.720001,434.98999,401.720001,406.309998,20837500,ZOOM
02-12-2020,399,424.549988,394.570007,412.859985,10962800,ZOOM
03-12-2020,413,419.170013,405.019989,413.540009,6306700,ZOOM
04-12-2020,409.26001,418.880005,408.186005,410.01001,4447300,ZOOM
07-12-2020,411,416.799988,405.45401,407.850006,4427300,ZOOM
08-12-2020,408.869995,419.5,406.75,412,5319400,ZOOM
09-12-2020,406.747986,409.98999,381.5,385.359985,8956700,ZOOM
10-12-2020,382.730011,399,380.269989,397.959991,4572100,ZOOM
11-12-2020,395.350006,397.338989,384.614014,397.01001,4677400,ZOOM
14-12-2020,388.950012,396.75,376.679993,395.98999,6820100,ZOOM
15-12-2020,398.505005,410.320007,395.079987,399.429993,5144700,ZOOM
16-12-2020,400.485992,406.558014,393.459991,404,4158500,ZOOM
17-12-2020,408.720001,409.029999,399.559998,401.619995,3792500,ZOOM
18-12-2020,403.799988,408.109985,398.25,406.01001,6174800,ZOOM
21-12-2020,418.070007,427.759003,404.579987,408.970001,8557400,ZOOM
22-12-2020,408.5,413.5,396.5,409,4211000,ZOOM
23-12-2020,402,402.600006,378.579987,383.880005,9554400,ZOOM
24-12-2020,383.880005,384.880005,375,375.170013,3850700,ZOOM
28-12-2020,370.399994,373.279999,349.019989,351.390015,9454800,ZOOM
29-12-2020,350.660004,359.907013,350.130005,353.75,6080300,ZOOM
30-12-2020,358.420013,358.700012,345.399994,353.399994,5474500,ZOOM
31-12-2020,351.769989,351.829987,336.100006,337.320007,6559700,ZOOM
04-01-2021,340.399994,363.089996,339.200012,359.980011,8598300,ZOOM
05-01-2021,360.390015,365.01001,349,360.829987,4983500,ZOOM
06-01-2021,351,352.940002,341.920013,344.410004,7124600,ZOOM
07-01-2021,346,354.480011,341.600006,342.5,5601200,ZOOM
08-01-2021,345.200012,350,340.339996,349.609985,5009200,ZOOM
11-01-2021,344.980011,349.959991,336.850006,337.709991,3360400,ZOOM
12-01-2021,333.200012,358.899994,331.100006,356.809998,8934400,ZOOM
13-01-2021,360,384.230011,348.651001,364.630005,14056500,ZOOM
14-01-2021,371,384.950012,370.5,383.23999,9311000,ZOOM
15-01-2021,397.709991,404.440002,382.070007,384.529999,12799500,ZOOM
19-01-2021,391.01001,396.769989,385.51001,393.869995,5709400,ZOOM
20-01-2021,399.109985,399.529999,378.319,382.799988,5713900,ZOOM
21-01-2021,383.029999,387.209991,372.029999,382.809998,5180800,ZOOM
22-01-2021,380.98999,385.290009,376.380005,383.399994,2791600,ZOOM
25-01-2021,388.98999,398.799988,378.269989,391.829987,5178100,ZOOM
26-01-2021,391.079987,395.820007,372.200012,374.390015,5151300,ZOOM
27-01-2021,367.5,384.253998,362.765991,370.73999,4557500,ZOOM
28-01-2021,368,383.313995,363.859985,378.589996,3374200,ZOOM
29-01-2021,379,385.910004,358.619995,372.070007,3959000,ZOOM
01-02-2021,369,382.779999,368.130005,381.929993,3443900,ZOOM
02-02-2021,384.5,394.890015,378.679993,391.839996,3780100,ZOOM
03-02-2021,395.790009,395.790009,379,380.470001,3433100,ZOOM
04-02-2021,383.5,390,376.869995,389.980011,2528100,ZOOM
05-02-2021,387.859985,420,387.859985,419.589996,9759100,ZOOM
08-02-2021,420.73999,422,406.5,410.809998,3731500,ZOOM
09-02-2021,411.695007,434.670013,410.312988,430.029999,5115400,ZOOM
10-02-2021,431.890015,441.220001,416.144012,431,4738300,ZOOM
11-02-2021,433.98999,443.75,429.51001,432.769989,3502600,ZOOM
12-02-2021,431.519989,435,423.130005,433.109985,2077800,ZOOM
16-02-2021,438.796997,451.769989,436.700012,444.51001,4249200,ZOOM
17-02-2021,440.019989,441.200012,418.25,429.420013,4006500,ZOOM
18-02-2021,426.75,428.880005,414,417.910004,2645300,ZOOM
19-02-2021,419.220001,425.98999,414.5,417.26001,2195000,ZOOM
22-02-2021,408.5,411.720001,390.600006,394.339996,4340300,ZOOM
23-02-2021,371.01001,389.98999,351.809998,388.160004,5558200,ZOOM
24-02-2021,383.130005,388.674988,375.619995,385.230011,3442400,ZOOM
25-02-2021,383.779999,387.654999,361.01001,364.730011,4585100,ZOOM
26-02-2021,367.950012,377.093994,356.17099,373.609985,4702400,ZOOM
01-03-2021,388.660004,416.200012,387.01001,409.660004,10044700,ZOOM
02-03-2021,439.600006,440,371.820007,372.790009,18156600,ZOOM
03-03-2021,383,383.25,339,341.570007,15526000,ZOOM
04-03-2021,347.799988,358.299988,333,343.089996,10328100,ZOOM
05-03-2021,345.390015,347.75,314.380005,337.429993,8255500,ZOOM
08-03-2021,334.98999,339.350006,309,310.929993,6899100,ZOOM
09-03-2021,331.950012,343.575989,320.799988,342.109985,5705200,ZOOM
10-03-2021,347.98999,355.690002,333.01001,336.029999,4730000,ZOOM
11-03-2021,347.98999,357.39801,338.799988,355.170013,3915400,ZOOM
12-03-2021,342.01001,350.440002,338.429993,346.390015,2960800,ZOOM
15-03-2021,347.075989,351.559998,343.5,350,1988200,ZOOM
16-03-2021,351.98999,355.48999,333.690002,335.079987,3333200,ZOOM
17-03-2021,328.570007,340.540009,322.660004,336.649994,3593200,ZOOM
18-03-2021,330,330.329987,316,316.320007,5434400,ZOOM
19-03-2021,316.829987,327.97699,313.630005,326.26001,4981400,ZOOM
22-03-2021,329.450012,333.890015,327.01001,328.5,2947900,ZOOM
23-03-2021,330,347.399994,329.35199,339.76001,5723800,ZOOM
24-03-2021,338.674988,339.98999,314.350006,314.959991,4924500,ZOOM
25-03-2021,310.950012,320.630005,308.309998,314.850006,3564800,ZOOM
26-03-2021,312.890015,320,306.75,319.950012,3219800,ZOOM
29-03-2021,317.070007,322.970001,305.779999,308.390015,3041400,ZOOM
30-03-2021,305,314.880005,302.320007,313.190002,2837100,ZOOM
31-03-2021,315.234985,325.73999,311.130005,321.290009,2773200,ZOOM
01-04-2021,325.980011,338.910004,325.5,326.230011,2853900,ZOOM
05-04-2021,327.829987,328.5,313.100006,323.959991,3024700,ZOOM
06-04-2021,323.75,332.660004,321.660004,329.790009,3767100,ZOOM
07-04-2021,329.109985,333.440002,319.230011,323.079987,4197700,ZOOM
08-04-2021,326.850006,333.98999,326,331.279999,2821500,ZOOM
09-04-2021,329.102997,329.820007,319.420013,322.649994,3216500,ZOOM
12-04-2021,318.100006,322.380005,315.190002,321.51001,2964500,ZOOM
13-04-2021,327.358002,343.708008,325.5,342.75,5298200,ZOOM
14-04-2021,344.720001,345.019989,328.630005,329.200012,2844900,ZOOM
15-04-2021,334.144989,338.420013,327.459991,332.380005,3360700,ZOOM
16-04-2021,330.269989,333.75,326.869995,329.950012,2476500,ZOOM
19-04-2021,327.519989,337.795013,320.5,324.329987,3131900,ZOOM
20-04-2021,326.730011,327.549988,316.359985,321.779999,2282500,ZOOM
21-04-2021,317.01001,323.109985,313.5,322.76001,1917500,ZOOM
22-04-2021,322.665009,338.049988,322.665009,328.320007,3328300,ZOOM
23-04-2021,331.48999,338.549988,328.23999,336.880005,2454300,ZOOM
26-04-2021,337.51001,338,329.209991,336.420013,2286700,ZOOM
27-04-2021,336.390015,341.679993,330.890015,333.48999,2208300,ZOOM
28-04-2021,330.23999,334.700989,326.045013,331.25,1437600,ZOOM
29-04-2021,331.160004,332.5,318.890015,321.100006,3121100,ZOOM
30-04-2021,318.029999,326.278992,317.23999,319.570007,2152500,ZOOM
03-05-2021,320.23999,321.125,311.529999,313.920013,2253000,ZOOM
04-05-2021,310.959991,311.5,298.769989,304.850006,3727600,ZOOM
05-05-2021,306.529999,310.980011,294.5,297.589996,2582600,ZOOM
06-05-2021,295.200012,295.200012,285.609985,293.049988,3369100,ZOOM
07-05-2021,295.437012,304.696991,292.709991,295.23999,2446200,ZOOM
10-05-2021,293.01001,293.940002,286.040009,288.48999,2507800,ZOOM
11-05-2021,273.910004,302,273.200012,300.25,4084400,ZOOM
12-05-2021,291.049988,296.529999,282.404999,289.700012,3419800,ZOOM
13-05-2021,293.980011,296.609985,275.799988,290.160004,4608500,ZOOM
14-05-2021,292.149994,309.179993,292.149994,307.890015,4357300,ZOOM
17-05-2021,304.829987,311.910004,301.929993,308.929993,2905600,ZOOM
18-05-2021,309.410004,322.25,304.970001,312.859985,3311900,ZOOM
19-05-2021,301.579987,311.51001,299,310.459991,1728400,ZOOM
20-05-2021,314.25,325.950012,313.029999,324.709991,3029400,ZOOM
21-05-2021,328.209991,329.450012,316.061005,316.399994,2057300,ZOOM
24-05-2021,318.519989,324.029999,316.5,321.559998,1855000,ZOOM
25-05-2021,322.709991,325.51001,316.079987,321.279999,2160100,ZOOM
26-05-2021,324.299988,329.459991,323.23999,326.049988,2374300,ZOOM
27-05-2021,324.109985,331,317.549988,326.429993,3622100,ZOOM
28-05-2021,330.51001,336.329987,329.630005,331.529999,2745700,ZOOM
01-06-2021,333.329987,336.140015,321.700012,327.720001,6607100,ZOOM
02-06-2021,331.884003,333.790009,322.209991,327.109985,6252100,ZOOM
03-06-2021,320.114014,325.829987,318.25,319.01001,3107300,ZOOM
04-06-2021,321.591003,338.98999,319.769989,336,5604900,ZOOM
07-06-2021,332.670013,344.929993,331.122986,342.660004,4538700,ZOOM
08-06-2021,343,350.149994,339.220001,341.26001,2842700,ZOOM
09-06-2021,330.630005,340.339996,330.230011,333.630005,2721200,ZOOM
10-06-2021,332.049988,346.880005,331,346.5,2809200,ZOOM
11-06-2021,347.640015,367.959991,345.100006,366.399994,6783400,ZOOM
14-06-2021,361.869995,369.576996,359.398987,365.910004,3444300,ZOOM
15-06-2021,364.5,364.5,357.048004,359,2587900,ZOOM
16-06-2021,357.815002,366.829987,355.410004,361.829987,2669200,ZOOM
17-06-2021,358.204987,374.519989,358.204987,372.950012,3416600,ZOOM
18-06-2021,374.01001,379.890015,370.929993,374.23999,4569100,ZOOM
21-06-2021,368.779999,372.623993,363.290009,369.25,1896900,ZOOM
22-06-2021,368.51001,377,368.5,374.649994,1999000,ZOOM
23-06-2021,375,382.709991,373.98999,376.920013,2358900,ZOOM
24-06-2021,378.450012,382.5,372.320007,373.399994,2438900,ZOOM
25-06-2021,374.070007,374.079987,364.079987,372.470001,3647200,ZOOM
28-06-2021,375.940002,393.329987,374.5,388.859985,3459900,ZOOM
29-06-2021,388.850006,395.440002,382.769989,394.730011,2582700,ZOOM
30-06-2021,395,395.432007,385.540009,387.029999,2249400,ZOOM
01-07-2021,386.119995,390.109985,382,386.480011,1468000,ZOOM
02-07-2021,390.480011,398.720001,386.549988,388.890015,2065000,ZOOM
06-07-2021,392.579987,403.470001,391.559998,401.119995,3436200,ZOOM
07-07-2021,403.859985,406.480011,393.299988,393.910004,2026600,ZOOM
08-07-2021,386,390.5,377.5,386.01001,2748900,ZOOM
09-07-2021,381.019989,387.529999,377.791992,385.079987,1918200,ZOOM
12-07-2021,385.410004,390.880005,378.269989,379.119995,1902500,ZOOM
13-07-2021,379.040009,384.5,375.410004,378.390015,1757400,ZOOM
14-07-2021,380.799988,381.309998,360.450012,360.609985,2599600,ZOOM
15-07-2021,363.929993,368.575989,355.350006,356.809998,2399700,ZOOM
16-07-2021,359.869995,365.5,354.339996,361.970001,1887100,ZOOM
19-07-2021,356.329987,357.5,343.820007,354.200012,7787600,ZOOM
20-07-2021,357.825012,359.23999,347.079987,355.809998,4061100,ZOOM
21-07-2021,355.339996,355.799988,348.333008,352.970001,2953400,ZOOM
22-07-2021,357.029999,367.100006,356.209991,361.390015,3096000,ZOOM
23-07-2021,361.600006,362.5,351,359.230011,2874300,ZOOM
26-07-2021,366.480011,375.829987,362.5,373.140015,3842000,ZOOM
27-07-2021,374.76001,377.699005,357.869995,367.540009,3080000,ZOOM
28-07-2021,368.480988,374.144989,364.230011,369.48999,1870700,ZOOM
29-07-2021,376.070007,396.894989,375,386.019989,6662100,ZOOM
30-07-2021,380.51001,392,377.529999,378.100006,2870700,ZOOM
02-08-2021,378,382.420013,364,378.959991,3163600,ZOOM
03-08-2021,378.130005,385.619995,371.588989,374.880005,2190900,ZOOM
04-08-2021,376.880005,403,376.5,400.579987,5563800,ZOOM
05-08-2021,395.733002,404.347992,391.820007,398.679993,3427600,ZOOM
06-08-2021,392.299988,395,380.700012,383.470001,3088000,ZOOM
09-08-2021,384.929993,385.5,378.200012,383.339996,2306600,ZOOM
10-08-2021,385.700012,392.779999,371.579987,372.549988,2806500,ZOOM
11-08-2021,374.920013,375.980011,352.744995,358.559998,3510800,ZOOM
12-08-2021,358.339996,364.149994,355.019989,362.859985,2063300,ZOOM
13-08-2021,362.220001,363.390015,353.589996,355.23999,1743300,ZOOM
16-08-2021,354.600006,355,342.570007,348.410004,2405500,ZOOM
17-08-2021,345.5,349.459991,341.29599,345.540009,1991500,ZOOM
18-08-2021,345.5,346.970001,339.049988,340.929993,2092700,ZOOM
19-08-2021,336.23999,337.98999,331.450012,332.380005,2476000,ZOOM
20-08-2021,333.450012,344.359985,333.450012,336.859985,2354400,ZOOM
23-08-2021,338.225006,342.48999,336.790009,341.299988,2147300,ZOOM
24-08-2021,344.415985,346.329987,337.76001,340.25,1778100,ZOOM
25-08-2021,341.640015,344.049988,336.790985,337.73999,2039200,ZOOM
26-08-2021,350.75,357.929993,340.25,340.630005,4849000,ZOOM
27-08-2021,343.880005,344.779999,337.649994,340.809998,3089600,ZOOM
30-08-2021,341.700012,348.299988,339.649994,347.5,10094400,ZOOM
31-08-2021,294,295.869995,288.299988,289.5,34582900,ZOOM
01-09-2021,292.850006,299.399994,290.049988,290.859985,14996000,ZOOM
02-09-2021,292.799988,296.690002,290.410004,295.089996,6645200,ZOOM
03-09-2021,295.325012,301.804993,292.029999,298.290009,6127900,ZOOM
07-09-2021,298.295013,300.980011,294.799988,299.959991,4251900,ZOOM
08-09-2021,299.549988,299.959991,290.529999,293.600006,3934400,ZOOM
09-09-2021,292.160004,297.570007,291.130005,295.859985,3350100,ZOOM
10-09-2021,296.910004,306.263,296.809998,301.5,6089600,ZOOM
13-09-2021,300.160004,300.274994,289.820007,290.23999,4916100,ZOOM
14-09-2021,290.338013,291.880005,280.920013,281.440002,6036800,ZOOM
15-09-2021,282.329987,283.070007,277.019989,279.119995,4647400,ZOOM
16-09-2021,277.679993,279.290009,273.5,278.220001,4676300,ZOOM
17-09-2021,279.790009,287.779999,278.369995,287.679993,5423400,ZOOM
20-09-2021,278.649994,285,276.910004,280.670013,3905300,ZOOM
21-09-2021,281.027008,281.170013,275.065002,278.23999,4168300,ZOOM
22-09-2021,276.200012,279.390015,275.25,277.950012,2973700,ZOOM
23-09-2021,279.910004,280.359009,275.450012,276.190002,2867900,ZOOM
24-09-2021,274.640015,275.899994,267.19101,272.359985,4051700,ZOOM
27-09-2021,269.48999,275.23999,266.109985,272.880005,3084100,ZOOM
28-09-2021,269.48999,270.61499,259.799988,261.890015,5212900,ZOOM
29-09-2021,262.320007,266.859985,256.880005,257.410004,4316300,ZOOM
30-09-2021,257.386993,264.878998,255.25,261.5,4733100,ZOOM
01-10-2021,268.770996,274.570007,262.700012,267.51001,8664800,ZOOM
04-10-2021,264.23999,264.572998,253.410004,259.579987,5004600,ZOOM
05-10-2021,259.839996,262.73999,256.850006,257.119995,3712100,ZOOM
06-10-2021,251.300003,257.880005,250.110001,253.649994,3905500,ZOOM
07-10-2021,254.429993,258.480011,253.809998,256.269989,2672200,ZOOM
08-10-2021,257.230011,260.540009,253.632996,255.050003,2261900,ZOOM
11-10-2021,252.179993,258.410004,252,253.970001,1722500,ZOOM
12-10-2021,255.270004,257.339996,253.100006,255.490005,3061100,ZOOM
13-10-2021,257.73999,268.279999,257.303986,266.23999,3764800,ZOOM
14-10-2021,270.5,274,266.839996,267.01001,3063900,ZOOM
15-10-2021,267,267.980011,264.252991,266.320007,2794100,ZOOM
18-10-2021,265.670013,274.829987,265.5,274.230011,2649200,ZOOM
19-10-2021,274.529999,279.809998,273.829987,276.399994,2379400,ZOOM
20-10-2021,277.350006,280.200012,272.674988,275.709991,1740700,ZOOM
21-10-2021,273.640015,278.140015,272.600006,274.779999,1496600,ZOOM
22-10-2021,283.51001,286.660004,276.119995,277.579987,3320500,ZOOM
25-10-2021,276.040009,282.980011,275.720001,279.790009,2925600,ZOOM
26-10-2021,283.329987,286.940002,277.769989,278.700012,2422000,ZOOM
27-10-2021,278.940002,282.480011,272.25,272.809998,3104800,ZOOM
28-10-2021,271.160004,278.26001,269.209991,276.579987,1594800,ZOOM
29-10-2021,272.019989,276.614014,271.597992,274.649994,1493800,ZOOM
01-11-2021,273.200012,279.470001,271.343994,278.940002,2773200,ZOOM
02-11-2021,281.096008,286.450012,276.269989,280.290009,2092700,ZOOM
03-11-2021,280.220001,286.049988,274.024994,285.660004,2435800,ZOOM
04-11-2021,286.217987,291.309998,280.730011,282.200012,1986800,ZOOM
05-11-2021,267.100006,275.640015,259.769989,264.700012,5373200,ZOOM
08-11-2021,262.649994,263.179993,257.940002,259.899994,3944100,ZOOM
09-11-2021,260.98999,265.660004,257.570007,258.399994,3022500,ZOOM
10-11-2021,257.01001,259.470001,249,251.259995,4903900,ZOOM
11-11-2021,251.270004,253.190002,245.160004,247.600006,3286200,ZOOM
12-11-2021,248.380005,255.139999,245.529999,254.970001,3167900,ZOOM
15-11-2021,255,265.329987,255,263.709991,3994900,ZOOM
16-11-2021,263,268.880005,261.209991,264.48999,1972000,ZOOM
17-11-2021,264,266.190002,261.519989,263.709991,2417300,ZOOM
18-11-2021,260.880005,263.5,254.580002,255.75,2353700,ZOOM
19-11-2021,262.23999,265.230011,249.330002,251.300003,3877500,ZOOM
22-11-2021,249.259995,251.699997,238.199997,242.279999,8012800,ZOOM
23-11-2021,218.050003,218.610001,195.800003,206.639999,25297500,ZOOM
24-11-2021,203.897003,211.5,202.020004,208.300003,9218600,ZOOM
26-11-2021,235.699997,235.970001,219.210007,220.210007,10808600,ZOOM
29-11-2021,216.429993,219.360001,208.460007,218.979996,7035400,ZOOM
30-11-2021,220.660004,221.404999,207.399994,211.410004,5916200,ZOOM
01-12-2021,211.419998,211.5,196.266006,197.710007,7560800,ZOOM
02-12-2021,195.440002,198.490005,188.369995,191.75,6610800,ZOOM
03-12-2021,187.729996,187.830002,177.119995,183.919998,8927200,ZOOM
06-12-2021,180.634995,186.130005,175.270004,185.839996,4157900,ZOOM
07-12-2021,187.850006,190.865005,185.580002,189.059998,3988300,ZOOM
08-12-2021,188.289993,195.979996,184.300003,194.860001,3320800,ZOOM
09-12-2021,195.164993,198.509995,185.649994,188.270004,3797200,ZOOM
10-12-2021,188.270004,191.360001,183.910004,185.25,2138200,ZOOM
13-12-2021,181.860001,188.970001,181,184.570007,2767800,ZOOM
14-12-2021,180.570007,183.419998,178.800003,181.940002,3511200,ZOOM
15-12-2021,181.130005,185.464996,174.660004,183.729996,4792300,ZOOM
16-12-2021,183.789993,185.720001,177,182.399994,4224400,ZOOM
17-12-2021,184.119995,201.690002,183.354996,199.740005,10459800,ZOOM
20-12-2021,205,205.220001,197.020004,197.970001,7774100,ZOOM
21-12-2021,199.039993,200.529999,191.669998,199.419998,4246800,ZOOM
22-12-2021,197.050003,200.25,190.419998,193.130005,2865900,ZOOM
23-12-2021,191,193.410004,186.649994,191.649994,3102900,ZOOM
27-12-2021,189.539993,190.440002,185.660004,187.440002,3068500,ZOOM
28-12-2021,186.600006,190.630005,183.089996,183.770004,3129100,ZOOM
29-12-2021,184,185.214005,179.785004,181.809998,2562800,ZOOM
